{
    "name": "root",
    "gauges": {
        "GetKey.Policy.Entropy.mean": {
            "value": 1.344789743423462,
            "min": 1.344789743423462,
            "max": 1.4199668169021606,
            "count": 15
        },
        "GetKey.Policy.Entropy.sum": {
            "value": 33574.01953125,
            "min": 33574.01953125,
            "max": 36128.21484375,
            "count": 15
        },
        "GetKey.Environment.EpisodeLength.mean": {
            "value": 37.04103343465046,
            "min": 37.04103343465046,
            "max": 96.96484375,
            "count": 15
        },
        "GetKey.Environment.EpisodeLength.sum": {
            "value": 24373.0,
            "min": 24358.0,
            "max": 24823.0,
            "count": 15
        },
        "GetKey.Step.mean": {
            "value": 374974.0,
            "min": 24979.0,
            "max": 374974.0,
            "count": 15
        },
        "GetKey.Step.sum": {
            "value": 374974.0,
            "min": 24979.0,
            "max": 374974.0,
            "count": 15
        },
        "GetKey.Policy.ExtrinsicValueEstimate.mean": {
            "value": -0.24599295854568481,
            "min": -0.24956339597702026,
            "max": 0.07886000722646713,
            "count": 15
        },
        "GetKey.Policy.ExtrinsicValueEstimate.sum": {
            "value": -161.61737060546875,
            "min": -161.61737060546875,
            "max": 23.105981826782227,
            "count": 15
        },
        "GetKey.Policy.CuriosityValueEstimate.mean": {
            "value": 15.701884269714355,
            "min": 0.6338551044464111,
            "max": 15.701884269714355,
            "count": 15
        },
        "GetKey.Policy.CuriosityValueEstimate.sum": {
            "value": 10316.1376953125,
            "min": 161.633056640625,
            "max": 10316.1376953125,
            "count": 15
        },
        "GetKey.Environment.CumulativeReward.mean": {
            "value": -1.0,
            "min": -1.0,
            "max": 0.7167235494880546,
            "count": 15
        },
        "GetKey.Environment.CumulativeReward.sum": {
            "value": -657.0,
            "min": -657.0,
            "max": 210.0,
            "count": 15
        },
        "GetKey.Policy.ExtrinsicReward.mean": {
            "value": -1.0,
            "min": -1.0,
            "max": 0.7167235494880546,
            "count": 15
        },
        "GetKey.Policy.ExtrinsicReward.sum": {
            "value": -657.0,
            "min": -657.0,
            "max": 210.0,
            "count": 15
        },
        "GetKey.Policy.CuriosityReward.mean": {
            "value": 0.07362178412565176,
            "min": 0.07362178412565176,
            "max": 2.3842320355714537,
            "count": 15
        },
        "GetKey.Policy.CuriosityReward.sum": {
            "value": 48.36951217055321,
            "min": 48.36951217055321,
            "max": 607.9791690707207,
            "count": 15
        },
        "GetKey.Losses.PolicyLoss.mean": {
            "value": 0.03203153260466125,
            "min": 0.030218095109901495,
            "max": 0.03783812347489098,
            "count": 15
        },
        "GetKey.Losses.PolicyLoss.sum": {
            "value": 0.16015766302330628,
            "min": 0.1491269828044568,
            "max": 0.18919061737445492,
            "count": 15
        },
        "GetKey.Losses.ValueLoss.mean": {
            "value": 0.01586152740098812,
            "min": 0.01586152740098812,
            "max": 0.6043643384068101,
            "count": 15
        },
        "GetKey.Losses.ValueLoss.sum": {
            "value": 0.0793076370049406,
            "min": 0.0793076370049406,
            "max": 3.0218216920340506,
            "count": 15
        },
        "GetKey.Policy.LearningRate.mean": {
            "value": 6.370515629488e-05,
            "min": 6.370515629488e-05,
            "max": 9.866395133604999e-05,
            "count": 15
        },
        "GetKey.Policy.LearningRate.sum": {
            "value": 0.0003185257814744,
            "min": 0.0003185257814744,
            "max": 0.0004818731181269001,
            "count": 15
        },
        "GetKey.Policy.Epsilon.mean": {
            "value": 0.16370512,
            "min": 0.16370512,
            "max": 0.19866395,
            "count": 15
        },
        "GetKey.Policy.Epsilon.sum": {
            "value": 0.8185256000000001,
            "min": 0.7946558,
            "max": 0.9818731000000002,
            "count": 15
        },
        "GetKey.Policy.Beta.mean": {
            "value": 0.0031888854879999996,
            "min": 0.0031888854879999996,
            "max": 0.004933331105,
            "count": 15
        },
        "GetKey.Policy.Beta.sum": {
            "value": 0.01594442744,
            "min": 0.01594442744,
            "max": 0.02409546769,
            "count": 15
        },
        "GetKey.Losses.CuriosityForwardLoss.mean": {
            "value": 0.09495825061091671,
            "min": 0.09495825061091671,
            "max": 5.683252695313207,
            "count": 15
        },
        "GetKey.Losses.CuriosityForwardLoss.sum": {
            "value": 0.4747912530545836,
            "min": 0.4747912530545836,
            "max": 22.73301078125283,
            "count": 15
        },
        "GetKey.Losses.CuriosityInverseLoss.mean": {
            "value": 1.011867438422309,
            "min": 1.011867438422309,
            "max": 2.0390229251649643,
            "count": 15
        },
        "GetKey.Losses.CuriosityInverseLoss.sum": {
            "value": 5.059337192111545,
            "min": 5.059337192111545,
            "max": 10.080604615034881,
            "count": 15
        },
        "GetKey.IsTraining.mean": {
            "value": 1.0,
            "min": 1.0,
            "max": 1.0,
            "count": 15
        },
        "GetKey.IsTraining.sum": {
            "value": 1.0,
            "min": 1.0,
            "max": 1.0,
            "count": 15
        }
    },
    "metadata": {
        "timer_format_version": "0.1.0",
        "start_time_seconds": "1684139212",
        "python_version": "3.7.16 (default, Jan 17 2023, 16:06:28) [MSC v.1916 64 bit (AMD64)]",
        "command_line_arguments": "C:\\Users\\User\\anaconda3\\envs\\unity\\Scripts\\mlagents-learn .\\GetKey.yaml --run-id=Run 51",
        "mlagents_version": "0.28.0",
        "mlagents_envs_version": "0.28.0",
        "communication_protocol_version": "1.5.0",
        "pytorch_version": "1.7.1+cu110",
        "numpy_version": "1.21.6",
        "end_time_seconds": "1684143436"
    },
    "total": 4223.760551599999,
    "count": 1,
    "self": 0.013237499999377178,
    "children": {
        "run_training.setup": {
            "total": 0.1245706000000002,
            "count": 1,
            "self": 0.1245706000000002
        },
        "TrainerController.start_learning": {
            "total": 4223.6227435,
            "count": 1,
            "self": 2.481030200013265,
            "children": {
                "TrainerController._reset_env": {
                    "total": 7.9564048000000005,
                    "count": 1,
                    "self": 7.9564048000000005
                },
                "TrainerController.advance": {
                    "total": 4212.912361199988,
                    "count": 48325,
                    "self": 1.3625917999825106,
                    "children": {
                        "env_step": {
                            "total": 4211.549769400005,
                            "count": 48325,
                            "self": 4050.472079299991,