{
    "name": "root",
    "gauges": {
        "GetKey.Policy.Entropy.mean": {
            "value": 1.3746296167373657,
            "min": 1.3746296167373657,
            "max": 1.4189382791519165,
            "count": 59
        },
        "GetKey.Policy.Entropy.sum": {
            "value": 34665.41015625,
            "min": 33758.109375,
            "max": 36268.0625,
            "count": 59
        },
        "GetKey.Environment.EpisodeLength.mean": {
            "value": 194.265625,
            "min": 158.87261146496814,
            "max": 199.0,
            "count": 59
        },
        "GetKey.Environment.EpisodeLength.sum": {
            "value": 24866.0,
            "min": 24692.0,
            "max": 25051.0,
            "count": 59
        },
        "GetKey.Step.mean": {
            "value": 1474877.0,
            "min": 24999.0,
            "max": 1474877.0,
            "count": 59
        },
        "GetKey.Step.sum": {
            "value": 1474877.0,
            "min": 24999.0,
            "max": 1474877.0,
            "count": 59
        },
        "GetKey.Policy.ExtrinsicValueEstimate.mean": {
            "value": 0.08197622001171112,
            "min": -0.0030708129052072763,
            "max": 0.09821721166372299,
            "count": 59
        },
        "GetKey.Policy.ExtrinsicValueEstimate.sum": {
            "value": 10.492956161499023,
            "min": -0.39920568466186523,
            "max": 12.473586082458496,
            "count": 59
        },
        "GetKey.Environment.CumulativeReward.mean": {
            "value": 1.625,
            "min": -0.24025974025974026,
            "max": 1.7209302325581395,
            "count": 59
        },
        "GetKey.Environment.CumulativeReward.sum": {
            "value": 208.0,
            "min": -37.0,
            "max": 222.0,
            "count": 59
        },
        "GetKey.Policy.ExtrinsicReward.mean": {
            "value": 1.625,
            "min": -0.24025974025974026,
            "max": 1.7209302325581395,
            "count": 59
        },
        "GetKey.Policy.ExtrinsicReward.sum": {
            "value": 208.0,
            "min": -37.0,
            "max": 222.0,
            "count": 59
        },
        "GetKey.IsTraining.mean": {
            "value": 1.0,
            "min": 1.0,
            "max": 1.0,
            "count": 59
        },
        "GetKey.IsTraining.sum": {
            "value": 1.0,
            "min": 1.0,
            "max": 1.0,
            "count": 59
        },
        "GetKey.Losses.PolicyLoss.mean": {
            "value": 0.021116077749563072,
            "min": 0.021116077749563072,
            "max": 0.027003786717412166,
            "count": 29
        },
        "GetKey.Losses.PolicyLoss.sum": {
            "value": 0.021116077749563072,
            "min": 0.021116077749563072,
            "max": 0.027003786717412166,
            "count": 29
        },
        "GetKey.Losses.ValueLoss.mean": {
            "value": 0.04365777432556368,
            "min": 0.0010537528897253247,
            "max": 0.04365777432556368,
            "count": 29
        },
        "GetKey.Losses.ValueLoss.sum": {
            "value": 0.04365777432556368,
            "min": 0.0010537528897253247,
            "max": 0.04365777432556368,
            "count": 29
        },
        "GetKey.Policy.LearningRate.mean": {
            "value": 2.7405922594149995e-05,
            "min": 2.7405922594149995e-05,
            "max": 9.749480250520003e-05,
            "count": 29
        },
        "GetKey.Policy.LearningRate.sum": {
            "value": 2.7405922594149995e-05,
            "min": 2.7405922594149995e-05,
            "max": 9.749480250520003e-05,
            "count": 29
        },
        "GetKey.Policy.Epsilon.mean": {
            "value": 0.12740585000000001,
            "min": 0.12740585000000001,
            "max": 0.19749480000000005,
            "count": 29
        },
        "GetKey.Policy.Epsilon.sum": {
            "value": 0.12740585000000001,
            "min": 0.12740585000000001,
            "max": 0.19749480000000005,
            "count": 29
        },
        "GetKey.Policy.Beta.mean": {
            "value": 0.0013775519150000003,
            "min": 0.0013775519150000003,
            "max": 0.004874990520000001,
            "count": 29
        },
        "GetKey.Policy.Beta.sum": {
            "value": 0.0013775519150000003,
            "min": 0.0013775519150000003,
            "max": 0.004874990520000001,
            "count": 29
        }
    },
    "metadata": {
        "timer_format_version": "0.1.0",
        "start_time_seconds": "1683997609",
        "python_version": "3.7.16 (default, Jan 17 2023, 16:06:28) [MSC v.1916 64 bit (AMD64)]",
        "command_line_arguments": "C:\\Users\\User\\anaconda3\\envs\\unity\\Scripts\\mlagents-learn .\\GetKey.yaml --run-id=Run 44",
        "mlagents_version": "0.28.0",
        "mlagents_envs_version": "0.28.0",
        "communication_protocol_version": "1.5.0",
        "pytorch_version": "1.7.1+cu110",
        "numpy_version": "1.21.6",
        "end_time_seconds": "1684012436"
    },
    "total": 14827.295671799999,
    "count": 1,
    "self": 0.021358199997848715,
    "children": {
        "run_training.setup": {
            "total": 0.14060910000000026,
            "count": 1,
            "self": 0.14060910000000026
        },
        "TrainerController.start_learning": {
            "total": 14827.1337045,
            "count": 1,
            "self": 7.973834400114356,
            "children": {
                "TrainerController._reset_env": {
                    "total": 4.9752336,
                    "count": 1,
                    "self": 4.9752336
                },
                "TrainerController.advance": {
                    "total": 14814.055675999885,
                    "count": 172394,
                    "self": 4.273764899817252,
                    "children": {
                        "env_step": {
                            "total": 14809.781911100068,
                            "count": 172394,
                            "self": 14208.407347400214,
                            "children": {
                                "SubprocessEnvManager._take_step": {
                                    "total": 596.8302125002464,
                                    "count": 172394,
                                    "self": 18.172849800532845,
                                    "children": {
                                        "TorchPolicy.evaluate": {
                                            "total": 578.6573626997135,
                                            "count": 166637,
                                            "self": 75.22762639954607,
                                            "children": {
                                                "TorchPolicy.sample_actions": {
                                                    "total": 503.42973630016746,
                                                    "count": 166637,
                                                    "self": 503.42973630016746
                                                }
                                            }
                                        }
                                    }
                                },
                                "workers": {
                                    "total": 4.544351199607661,
                                    "count": 172393,
                                    "self": 0.0,
                                    "children": {
                                        "worker_root": {
                                            "total": 14813.272462199931,
                                            "count": 172393,